{
	"version": "1.0.0",
	"lastUpdated": "2024-05-13",
	"baseSchemaVersion": "1.0.0",
	"notes": "First version of the dataset. It contains 3 entries.",
	"entries": [
    {
        "id": "khan_execute_2022",
        "title": "EXECUTE: Exploring Eye Tracking to Support E-learning",
        "year": 2022,
        "authors": "Khan, Ahsan Raza; Khosravi, Sara; Hussain, Sajjad; Ghannam, Rami; Zoha, Ahmed; Imran, Muhammad Ali",
        "references": [
            "Khan et al. \"Execute:Exploring eye tracking to support e-learning\". In: Proceedings of the IEEE Global Engineering Education Conference (EDUCON), 2022, pp. 670\u2013676"
        ],
        "urls": [
            "https://doi.org/10.1109/EDUCON52537.2022.9766506"
        ],
        "categories": [
            "domain-education",
            "topic-attention-monitoring",
            "method-svm",
            "method-rf",
            "method-dt",
            "method-mixed",
            "method-other",
            "data-input-webcam",
            "data-input-monitor",
            "data-input-mixed",
            "features-eye-moviments",
            "task-evaluation-metrics",
            "task-comparison",
            "task-mixed",
            "vis-matrix",
            "vis-dispersion",
            "vis-scanpath",
            "vis-heatmap",
            "vis-mixed"
        ],
        "domain-details": "Online classes",
        "topic-details": "Improvement of the learning/education process",
        "method-details": "Logistic Regression, SVM, polynomial regression, Decision Tree, Random Forest,  Extra Trees,  Multi-layer Perceptron",
        "data-input-details": "Webcam, screenshot/screenshare",
        "features-details": "Eye-movements",
        "task-details": "Accuracy, evaluation/comparison of ML classifiers",
        "vis-details": "Confusion matrix , dispersion, scanpath (saccades), heatmap"
    },
    {
        "id": "abate_attention_2021",
        "title": "Attention monitoring for synchronous distance learning",
        "year": 2021,
        "authors": "Andrea F. Abate and Lucia Cascone and Michele Nappi and Fabio Narducci and Ignazio Passero",
        "references": [
            "Abate et al. \"Attention monitoring for synchronous distance learning\", Future Generation Computer Systems, vol. 125, 2021, pp. 774\u2013784."
        ],
        "urls": [
            "https://doi.org/10.1016/j.future.2021.07.026"
        ],
        "categories": [
            "domain-education",
            "topic-attention-monitoring",
            "method-cnn",
            "data-input-webcam",
            "data-input-monitor",
            "data-input-mixed",
            "features-facial-expressions",
            "features-eye-moviments",
            "features-mixed",
            "task-pattern-recognition",
            "task-evaluation-metrics",
            "task-comparison",
            "task-insights",
            "task-mixed",
            "vis-line",
            "vis-histogram",
            "vis-heatmap",
            "vis-mixed"
        ],
        "domain-details": "Online classes",
        "topic-details": "Improvement of the learning/education process",
        "method-details": "CNN",
        "data-input-details": "Webcam, screenshot/screenshare",
        "features-details": "Facial expressions, eye-movements",
        "task-details": "Accuracy, eye patterns, correlation between features and relevant insights",
        "vis-details": "Line, histogram, heatmap"
    },
    {
        "id": "madsen_synchronized_2021",
        "title": "Synchronized eye movements predict test scores in online video education",
        "year": 2021,
        "authors": "Madsen, Jens and J\u00falio, Sara U. and Gucik, Pawel J. and Steinberg, Richard and Parra, Lucas C.",
        "references": [
            "Madsen et al. \"Synchronized eye movements predict test scores in online video education\", Proceedings of the National Academy of Sciences, vol. 118\u20135, fev. 2021"
        ],
        "urls": [
            "https://doi.org/10.1073/pnas.2016980118"
        ],
        "categories": [
            "domain-education",
            "topic-attention-monitoring",
            "method-other",
            "data-input-webcam",
            "data-input-text",
            "data-input-eye-tracker",
            "data-input-mixed",
            "features-eye-moviments",
            "task-pattern-recognition",
            "task-comparison",
            "task-mixed",
            "vis-line",
            "vis-scatter",
            "vis-mixed"
        ],
        "domain-details": "Online and Face-to-face classes",
        "topic-details": "Improvement of the learning/education process",
        "data-input-details": "Webcam, eye tracker, forms",
        "features-details": "Eye-movements",
        "task-details": "Data analysis, eye patterns",
        "vis-details": "Line, scatter plot"
    },
    {
        "id": "alyuz_unobtrusive_2017",
        "title": "An unobtrusive and multimodal approach for behavioral engagement detection of students",
        "year": 2017,
        "authors": "Alyuz, Nese and Okur, Eda and Genc, Utku and Aslan, Sinem and Tanriover, Cagri and Esme, Asli Arslan",
        "references": [
            "Alyuz et al. \"An unobtrusive and multimodal approach for behavioral engagement detection of students\". In: Proceedings of the 1st ACM SIGCHI International Workshop on Multimodal Interaction for Education, 2017, pp. 26\u201332"
        ],
        "urls": [
            "https://doi.org/10.1145/3139513.3139521"
        ],
        "categories": [
            "domain-education",
            "topic-engagement",
            "method-rf",
            "data-input-webcam",
            "data-input-logs",
            "data-input-mouse",
            "data-input-mixed",
            "features-head-position",
            "task-explanation",
            "task-other",
            "task-mixed",
            "vis-donut",
            "vis-histogram",
            "vis-mixed"
        ],
        "domain-details": "Face-to-face classes",
        "topic-details": "Improvement of the learning/education process",
        "method-details": "Random Forest",
        "data-input-details": "Webcam, mouse, logs",
        "features-details": "Head position",
        "task-details": "Dataset distribution, data analysis",
        "vis-details": "Pie/donut, histogram"
    },
    {
        "id": "aslan_investigating_2019",
        "title": "Investigating the Impact of a Real-time, Multimodal Student Engagement Analytics Technology in Authentic Classrooms",
        "year": 2019,
        "authors": "Aslan, Sinem and Alyuz, Nese and Tanriover, Cagri and Mete, Sinem E. and Okur, Eda and D'Mello, Sidney K. and Arslan Esme, Asli",
        "references": [
            "Aslan et al. \"Investigating the impact of a real-time, multimodal student engagement analytics technology in authentic classrooms\". In: Proceedings of the 2019 CHI Conference\non Human Factors in Computing Systems, 2019, pp. 1\u201312."
        ],
        "urls": [
            "https://doi.org/10.1145/3290605.3300534"
        ],
        "categories": [
            "domain-education",
            "topic-engagement",
            "method-generic",
            "data-input-webcam",
            "data-input-logs",
            "data-input-monitor",
            "data-input-mixed",
            "features-facial-expressions",
            "features-head-position",
            "features-mixed",
            "task-insights",
            "task-explanation",
            "task-mixed",
            "vis-donut",
            "vis-line",
            "vis-bar",
            "vis-histogram",
            "vis-mixed"
        ],
        "domain-details": "Face-to-face classes",
        "topic-details": "Improvement of the learning/education process",
        "method-details": "Machine Learning*",
        "data-input-details": "Webcam, screenshot/screenshare, logs",
        "features-details": "Head position, facial expressions",
        "task-details": "Questionnaires and research results, relevant insights",
        "vis-details": "Pie/donut, line, bar chart, histogram"
    },
    {
        "id": "bosch_automatic_2021",
        "title": "Automatic Detection of Mind Wandering from Video in the Lab and in the Classroom",
        "year": 2021,
        "authors": "Bosch, Nigel and D'Mello, Sidney K.",
        "references": [
            "Bosch et al. \"Automatic detection of mind wandering from video in the lab and in the classroom\", IEEE Transactions on Affective Computing, vol. 12\u20134, out. 2021, pp. 974\u2013988."
        ],
        "urls": [
            "https://doi.org/10.1109/TAFFC.2019.2908837"
        ],
        "categories": [
            "domain-education",
            "topic-attention-monitoring",
            "method-svm",
            "method-dnn",
            "method-mixed",
            "data-input-webcam",
            "features-facial-expressions",
            "features-head-position",
            "features-body-pose",
            "features-mixed",
            "task-evaluation-metrics",
            "task-explanation",
            "task-mixed",
            "vis-histogram"
        ],
        "domain-details": "Face-to-face classes",
        "topic-details": "Predicting Mind-Wandering",
        "method-details": "SVM, DNN",
        "data-input-details": "Webcam",
        "features-details": "Body pose, head position, facial expressions",
        "task-details": "Accuracy, questionnaires and research results",
        "vis-details": "Histogram"
    },
    {
        "id": "terai_detecting_2020",
        "title": "Detecting learner drowsiness based on facial expressions and head movements in online courses",
        "year": 2020,
        "authors": "Terai, Shogo and Shirai, Shizuka and Alizadeh, Mehrasa and Kawamura, Ryosuke and Takemura, Noriko and Uranishi, Yuki and Takemura, Haruo and Nagahara, Hajime",
        "references": [
            "Terai et al. \"Detecting learner drowsiness based on facial expressions and head movements in online courses\". In: Proceedings of the 25th International Conference on Intelligent User Interfaces Companion, 2020, pp. 124\u2013\n125."
        ],
        "urls": [
            "https://doi.org/10.1145/3379336.3381500"
        ],
        "categories": [
            "domain-education",
            "topic-attention-monitoring",
            "method-generic",
            "data-input-webcam",
            "features-facial-expressions",
            "features-head-position",
            "features-mixed",
            "task-explanation",
            "vis-histogram"
        ],
        "domain-details": "Online classes",
        "topic-details": "Detecting learner drowsiness in online courses",
        "method-details": "Machine Learning*",
        "data-input-details": "Webcam",
        "features-details": "Head position, facial expressions",
        "task-details": "Dataset distribution",
        "vis-details": "Histogram"
    },
    {
        "id": "sanders_non-intrusive_2021",
        "title": "Non-Intrusive Classroom Attention Tracking System (NiCATS)",
        "year": 2021,
        "authors": "Sanders, Andrew and Boswell, Bradley and Walia, Gursimran Singh and Allen, Andrew",
        "references": [
            "Sanders et al. \"Non-intrusive classroom attention tracking system (nicats)\". In: Proceedings of the IEEE Frontiers in Education\nConference (FIE), 2021, pp. 1\u20139"
        ],
        "urls": [
            "https://doi.org/10.1109/FIE49875.2021.9637411"
        ],
        "categories": [
            "domain-education",
            "topic-attention-monitoring",
            "method-cnn",
            "data-input-webcam",
            "data-input-keyboard",
            "data-input-mouse",
            "data-input-eye-tracker",
            "data-input-monitor",
            "data-input-mixed",
            "features-facial-expressions",
            "features-eye-moviments",
            "features-mixed",
            "task-pattern-recognition",
            "task-insights",
            "task-mixed",
            "vis-line",
            "vis-heatmap",
            "vis-mixed"
        ],
        "domain-details": "Face-to-face classes",
        "topic-details": "Improvement of the learning/education process",
        "method-details": "CNN",
        "data-input-details": "Webcam, eye tracker, keyboard, mouse, screenshot/screenshare",
        "features-details": "Facial expressions, eye-movements",
        "task-details": "Pattern analysis (face, eyes, head, etc.) and relevant insights",
        "vis-details": "Line, heatmap"
    },
    {
        "id": "zhang_online_2018",
        "title": "Online Privacy-Safe Engagement Tracking System",
        "year": 2018,
        "authors": "Zhang, Cheng and Chang, Cheng and Chen, Lei and Liu, Yang",
        "references": [
            "Zhang et al.  \"Online privacy-safe engagement tracking system\". In: Proceedings of the 20th ACM International Conference on Multimodal Interaction, 2018, pp. 553\u2013554."
        ],
        "urls": [
            "https://doi.org/10.1145/3242969.3266295"
        ],
        "categories": [
            "domain-education",
            "topic-engagement",
            "method-rnn",
            "data-input-webcam",
            "features-facial-expressions",
            "features-head-position",
            "features-mixed",
            "task-explanation",
            "vis-line"
        ],
        "domain-details": "Online classes",
        "topic-details": "Improvement of the learning/education process",
        "method-details": "RNN",
        "data-input-details": "Webcam",
        "features-details": "Head position, facial expressions",
        "task-details": "Level of engagement/attention/behavior",
        "vis-details": "Line"
    },
    {
        "id": "booth_toward_2017",
        "title": "Toward active and unobtrusive engagement assessment of distance learners",
        "year": 2017,
        "authors": "Booth, Brandon M. and Ali, Asem M. and Narayanan, Shrikanth S. and Bennett, Ian and Farag, Aly A.",
        "references": [
            "Booth et al. \"Toward active and unobtrusive engagement assessment of distance learners\". In: Proceedings of the Seventh International Conference on Affective Computing and Intelligent Interaction (ACII), 2017, pp. 470\u2013476"
        ],
        "urls": [
            "https://doi.org/10.1109/ACII.2017.8273641"
        ],
        "categories": [
            "domain-education",
            "topic-engagement",
            "method-svm",
            "method-other",
            "data-input-webcam",
            "features-facial-expressions",
            "features-head-position",
            "features-eye-moviments",
            "features-body-pose",
            "features-mixed",
            "task-evaluation-metrics",
            "task-comparison",
            "task-mixed",
            "vis-matrix"
        ],
        "domain-details": "Online classes",
        "topic-details": "Improvement of the learning/education process",
        "method-details": "SVM, KNN",
        "data-input-details": "Webcam",
        "features-details": "Body pose, head position, facial expressions, eye-movements",
        "task-details": "Evaluation/comparison of ML classifiers",
        "vis-details": "Confusion matrix"
    },
    {
        "id": "chang_ensemble_2018",
        "title": "An Ensemble Model Using Face and Body Tracking for Engagement Detection",
        "year": 2018,
        "authors": "Chang, Cheng and Zhang, Cheng and Chen, Lei and Liu, Yang",
        "references": [
            "Chang et al. \"An ensemble model using face and body tracking for engagement detection\". In: Proceedings of the 20th ACM International Conference on Multimodal Interaction, 2018, pp. 616\u2013622"
        ],
        "urls": [
            "https://doi.org/10.1145/3242969.3264986"
        ],
        "categories": [
            "domain-education",
            "topic-engagement",
            "method-rnn",
            "data-input-webcam",
            "features-facial-expressions",
            "features-head-position",
            "features-eye-moviments",
            "features-body-pose",
            "features-mixed",
            "task-explanation",
            "vis-line"
        ],
        "domain-details": "Online classes",
        "topic-details": "Improvement of the learning/education process",
        "method-details": "RNN",
        "data-input-details": "Webcam",
        "features-details": "Body pose, head position, facial expressions, eye-movements",
        "task-details": "Level of engagement/attention/behavior",
        "vis-details": "Line"
    },
    {
        "id": "kaur_prediction_2018",
        "title": "Prediction and Localization of Student Engagement in the Wild",
        "year": 2018,
        "authors": "Kaur, Amanjot and Mustafa, Aamir and Mehta, Love and Dhall, Abhinav",
        "references": [
            "Kaur et al. \"Prediction and localization of student engagement in the wild\". In: Proceedings of the Digital Image Computing: Techniques and Applications (DICTA), 2018, pp. 1\u20138"
        ],
        "urls": [
            "https://doi.org/10.1109/DICTA.2018.8615851"
        ],
        "categories": [
            "domain-education",
            "topic-engagement",
            "method-rf",
            "method-dnn",
            "method-mixed",
            "method-other",
            "data-input-webcam",
            "features-head-position",
            "features-eye-moviments",
            "features-mixed",
            "task-explanation",
            "task-other",
            "task-mixed",
            "vis-bar",
            "vis-histogram",
            "vis-mixed"
        ],
        "domain-details": "Online classes",
        "topic-details": "Predict user engagement when watching educational videos",
        "method-details": "Bayesian Learning, Random Forest, DNN",
        "data-input-details": "Webcam",
        "features-details": "Head position, eye-movements",
        "task-details": "Correlation between features, Level of engagement/attention/behavior, System architecture",
        "vis-details": "Bar chart, histogram"
    },
    {
        "id": "prathish_intelligent_2016",
        "title": "An intelligent system for online exam monitoring",
        "year": 2016,
        "authors": "Prathish, Swathi and S., Athi Narayanan and Bijlani, Kamal",
        "references": [
            "Prathish et al. \"An intelligent system for online exam monitoring\". In: Proceedings of the International Conference on Information Science (ICIS), 2016, pp. 138\u2013143."
        ],
        "urls": [
            "https://doi.org/10.1109/INFOSCI.2016.7845315"
        ],
        "categories": [
            "domain-education",
            "topic-cheating-detection",
            "data-input-webcam",
            "data-input-mic",
            "data-input-monitor",
            "data-input-mixed",
            "features-facial-expressions",
            "features-head-position",
            "features-mixed",
            "task-pattern-recognition",
            "vis-line"
        ],
        "domain-details": "Integrity of online examinations",
        "topic-details": "Cheating Detection",
        "data-input-details": "Webcam, microphone screenshot/screenshare",
        "features-details": "Head position, facial expressions",
        "task-details": "Pattern analysis (face, eyes, head, etc.)",
        "vis-details": "Line"
    },
    {
        "id": "li_automated_2022",
        "title": "Automated Online Proctoring System Using Gaze View Tracking and Custom Object Detection",
        "year": 2022,
        "authors": "Li, Brian and Li, Emma",
        "references": [
            "Li, B. and Li, E. \"Automated online proctoring system using gaze view tracking and custom object detection\". In: Proceedings of the IEEE MIT Undergraduate Research Technology Conference (URTC), 2022, pp. 1\u20135 "
        ],
        "urls": [
            "https://doi.org/10.1109/URTC56832.2022.10002245"
        ],
        "categories": [
            "domain-education",
            "topic-cheating-detection",
            "method-cnn",
            "data-input-webcam",
            "features-facial-expressions",
            "features-head-position",
            "features-eye-moviments",
            "features-objects",
            "features-mixed",
            "task-evaluation-metrics",
            "vis-line",
            "vis-histogram",
            "vis-mixed"
        ],
        "domain-details": "Integrity of online examinations",
        "topic-details": "Cheating Detection",
        "method-details": "CNN",
        "data-input-details": "Webcam",
        "features-details": "Head position, facial expressions, eye-movements, objects",
        "task-details": "Accuracy",
        "vis-details": "Line, histogram"
    },
    {
        "id": "tzeng_identifying_2023",
        "title": "Identifying the Correlation Between Online Exam Answer Trajectory and Test Behavior Based on Artificial Intelligence and Eye Movement Detection Technology",
        "year": 2023,
        "authors": "Tzeng, Jian-Wei and Hsueh, Cheng-Yu and Lee, Chia-An and Shih, Wei-Yun",
        "references": [
            "Tzeng et al. \"Identifying the correlation between\nonline exam answer trajectory and test behavior based on artificial intelligence\nand eye movement detection technology\". In: Proceedings of the International\nConference on Consumer Electronics - Taiwan (ICCE-Taiwan), 2023, pp. 503\u2013504."
        ],
        "urls": [
            "https://doi.org/10.1109/EDUCON52537.2022.9766506"
        ],
        "categories": [
            "domain-education",
            "topic-cheating-detection",
            "method-rnn",
            "data-input-webcam",
            "features-eye-moviments",
            "task-pattern-recognition",
            "vis-scanpath",
            "vis-heatmap",
            "vis-mixed"
        ],
        "domain-details": "Integrity of online examinations",
        "topic-details": "Cheating Detection",
        "method-details": "RNN",
        "data-input-details": "Webcam",
        "features-details": "Eye-movements",
        "task-details": "Pattern analysis (face, eyes, head, etc.)",
        "vis-details": "Scanpath (para saccades), heatmap"
    },
    {
        "id": "irfan_ensuring_2021",
        "title": "Ensuring Academic Integrity of Online Examinations",
        "year": 2021,
        "authors": "Irfan, Mohamed and Aslam, Mohammed and Maraikar, Ziyan and Jayasinghe, Upul and Fawzan, Mohamed",
        "references": [
            "rfan et al. \"Ensuring academic integrity of online examinations\". In: Proceedings of the IEEE 16th International Conference on Industrial and Information Systems (ICIIS), 2021, pp. 295\u2013300"
        ],
        "urls": [
            "https://doi.org/10.1109/ICCE-Taiwan58799.2023.10226745"
        ],
        "categories": [
            "domain-education",
            "topic-cheating-detection",
            "method-generic",
            "data-input-webcam",
            "data-input-mic",
            "data-input-monitor",
            "data-input-mixed",
            "features-head-position",
            "task-other",
            "vis-histogram"
        ],
        "domain-details": "Integrity of online examinations",
        "topic-details": "Cheating Detection",
        "method-details": "Machine Learning*",
        "data-input-details": "Webcam, microphone, screenshot/screenshare",
        "features-details": "Head position",
        "task-details": "Outliers",
        "vis-details": "Histogram"
    },
    {
        "id": "cote_video_2016",
        "title": "Video summarization for remote invigilation of online exams",
        "year": 2016,
        "authors": "Cote, Melissa and Jean, Frederic and Albu, Alexandra Branzan and Capson, David",
        "references": [
            "Cote et al. \"Video summarization for remote invigilation of online exams\". In: Proceedings of the IEEE Winter Conference on Applications of Computer Vision (WACV), 2016, pp. 1\u20139"
        ],
        "urls": [
            "https://doi.org/10.1109/WACV.2016.7477704"
        ],
        "categories": [
            "domain-education",
            "topic-cheating-detection",
            "data-input-webcam",
            "features-head-position",
            "task-evaluation-metrics",
            "vis-matrix"
        ],
        "domain-details": "Integrity of online examinations",
        "topic-details": "Cheating Detection",
        "data-input-details": "Webcam",
        "features-details": "Head position",
        "task-details": "Accuracy",
        "vis-details": "Confusion matrix"
    },
    {
        "id": "atoum_automated_2017",
        "title": "Automated Online Exam Proctoring",
        "year": 2017,
        "authors": "Atoum, Yousef and Chen, Liping and Liu, Alex X. and Hsu, Stephen D. H. and Liu, Xiaoming",
        "references": [
            "Atoum et al. \"Automated online exam proctoring\", IEEE Transactions on Multimedia, vol. 19\u20137, jul. 2017, pp. 1609\u20131624"
        ],
        "urls": [
            "https://doi.org/10.1109/TMM.2017.2656064"
        ],
        "categories": [
            "domain-education",
            "topic-cheating-detection",
            "method-svm",
            "data-input-webcam",
            "data-input-mic",
            "data-input-eye-tracker",
            "data-input-monitor",
            "data-input-mixed",
            "features-facial-expressions",
            "features-head-position",
            "features-eye-moviments",
            "features-objects",
            "features-body-pose",
            "features-mixed",
            "task-pattern-recognition",
            "task-explanation",
            "task-other",
            "task-mixed",
            "vis-donut",
            "vis-line",
            "vis-matrix",
            "vis-mixed"
        ],
        "domain-details": "Integrity of online examinations",
        "topic-details": "Cheating Detection",
        "method-details": "SVM",
        "data-input-details": "Webcam, eye tracker, microphone, screenshot/screenshare",
        "features-details": "Body pose, head position, facial expressions, eye-movements, objects",
        "task-details": "Pattern analysis (face, eyes, head, etc.), correlation between features, dataset distribution",
        "vis-details": "Pie/donut, line, confusion matrix"
    },
    {
        "id": "guan_predictive_2022",
        "title": "The Predictive Effect of Eye-Movement Behavior on Reading Performance in Online Reading Contexts",
        "year": 2022,
        "authors": "Guan, Xiu and Lei, Chaojing and Feng, Xiang",
        "references": [
            "Guan et al.  \"The predictive effect of eye-movement behavior on reading performance in online reading contexts\". In: Proceedings of the 14th International Conference on Education Technology and Computers, 2022, pp. 470\u2013475"
        ],
        "urls": [
            "https://doi.org/10.1145/3572549.3572624"
        ],
        "categories": [
            "domain-education",
            "topic-attention-monitoring",
            "method-svm",
            "method-rf",
            "method-dt",
            "method-mixed",
            "method-other",
            "data-input-webcam",
            "data-input-text",
            "data-input-mixed",
            "features-eye-moviments",
            "task-evaluation-metrics",
            "task-comparison",
            "task-explanation",
            "task-mixed",
            "vis-line",
            "vis-histogram",
            "vis-mixed"
        ],
        "domain-details": "Online classes",
        "topic-details": "Improvement of the learning/education process",
        "method-details": "Decision Tree (DT), Random Forest (RF), Logistic Regression (LR), Naive Bayes (NB), and Support Vector Machine (SVM)",
        "data-input-details": "Webcam, forms",
        "features-details": "Eye-movements",
        "task-details": "Evaluation/comparison of ML classifiers, questionnaires and research results",
        "vis-details": "Line, histogram"
    },
    {
        "id": "khan_feature_2022",
        "title": "Feature Selection Mechanism for Attention Classification using Gaze Tracking Data",
        "year": 2022,
        "authors": "Khan, Ahsan Raza and Bokhari, Syed Mohsin and Khosravi, Sara and Hussain, Sajjad and Ghannam, Rami and Imran, Muhammad Ali and Zoha, Ahmed",
        "references": [
            "Khan et al. \"Feature selection mechanism for attention classification using gaze tracking data\". In: Proceedings of the 29th IEEE International Conference on Electronics, Circuits and Systems (ICECS), 2022, pp. 1\u20134."
        ],
        "urls": [
            "https://doi.org/10.1109/ICECS202256217.2022.9970936"
        ],
        "categories": [
            "domain-education",
            "topic-attention-monitoring",
            "method-rf",
            "method-mixed",
            "method-other",
            "data-input-webcam",
            "features-eye-moviments",
            "task-evaluation-metrics",
            "vis-line",
            "vis-matrix",
            "vis-mixed"
        ],
        "domain-details": "Online classes",
        "topic-details": "Improvement of the learning/education process",
        "method-details": "Support Vector Classifier (SVC), Random Forest (RF),  Light Gradient Boosting Machine (LGBM)",
        "data-input-details": "Webcam",
        "features-details": "Eye-movements",
        "task-details": "Precision, Recall, F-1 score",
        "vis-details": "Line, confusion matrix"
    },
    {
        "id": "seiden_poster_2023",
        "title": "Poster: Snooping Online Form Choice Privacy in Video Calls",
        "year": 2023,
        "authors": "Seiden, Steven and Huang, Long and Wang, Chen",
        "references": [
            "Seiden et al. \"Poster: Snooping online form choice privacy in video calls\". In: Proceedings of the IEEE Symposium on Security and Privacy, 2023, pp. 1\u20132"
        ],
        "urls": [
            "https://bit.ly/privacyinvideocalls"
        ],
        "categories": [
            "domain-cybersecurity",
            "topic-privacy",
            "method-svm",
            "data-input-webcam",
            "features-eye-moviments",
            "task-evaluation-metrics",
            "vis-histogram",
            "vis-matrix",
            "vis-mixed"
        ],
        "domain-details": "Online forms",
        "topic-details": "Online form choices and personal preferences",
        "method-details": "SVM",
        "data-input-details": "Webcam",
        "features-details": "Eye-movements",
        "task-details": "Accuracy, Precision",
        "vis-details": "Histogram, confusion matrix"
    },
    {
        "id": "fahid_effects_2023",
        "title": "Effects of Modalities in Detecting Behavioral Engagement in Collaborative Game-Based Learning",
        "year": 2023,
        "authors": "Fahid, Fahmid Morshed and Lee, Seung and Mott, Bradford and Vandenberg, Jessica and Acosta, Halim and Brush, Thomas and Glazewski, Krista and Hmelo-Silver, Cindy and Lester, James",
        "references": [
            "Fahid et al.  \"Effects of modalities in detecting behavioral engagement in collaborative game-based learning\". In: Proceedings of the 13th International Learning Analytics and Knowledge Conference (LAK23), 2023, pp. 208\u2013218"
        ],
        "urls": [
            "https://doi.org/10.1145/3576050.3576079"
        ],
        "categories": [
            "domain-education",
            "topic-engagement",
            "method-svm",
            "method-rf",
            "method-dt",
            "method-mixed",
            "method-other",
            "data-input-webcam",
            "data-input-logs",
            "data-input-mixed",
            "features-facial-expressions",
            "features-head-position",
            "features-eye-moviments",
            "features-mixed",
            "task-insights",
            "task-explanation",
            "task-mixed",
            "vis-flow"
        ],
        "domain-details": "Collaborative learning",
        "topic-details": "Detecting when disengagement occurs during collaborative game",
        "method-details": "Random Forest (RF), Decision Tree (DT), SVM, Logistic Regression (LR)",
        "data-input-details": "Webcam, logs",
        "features-details": "Head position, facial expressions, eye-movements",
        "task-details": "Level of engagement/attention/behavior, relevant insights",
        "vis-details": "Flow/sankey"
    },
    {
        "id": "lee_real-time_2022",
        "title": "Real-time attention state visualization of online classes",
        "year": 2022,
        "authors": "Lee, Taeckyung and Chung, Hye-Young and Park, Sooyoung and Kim, Dongwhi and Lee, Sung-Ju",
        "references": [
            "Lee et al. \"Real-time attention state visualization of online classes\". In: Proceedings of the 20th Annual International Conference on Mobile Systems, Applications and Services, 2022, pp. 603\u2013604"
        ],
        "urls": [
            "https://doi.org/10.1145/3498361.3538655"
        ],
        "categories": [
            "domain-education",
            "topic-attention-monitoring",
            "method-other",
            "data-input-webcam",
            "features-facial-expressions",
            "features-head-position",
            "features-eye-moviments",
            "features-mixed",
            "vis-line"
        ],
        "domain-details": "Online classes",
        "topic-details": "Improvement of the learning/education process",
        "method-details": "XGBoost",
        "data-input-details": "Webcam",
        "features-details": "Head position, facial expressions, eye-movements",
        "task-details": "level of engagement/attention/behavior (sketches)",
        "vis-details": "Line"
    },
    {
        "id": "sanders_development_2022",
        "title": "Development and Field-Testing of a Non-intrusive Classroom Attention Tracking System (NiCATS) for Tracking Student Attention in CS Classrooms",
        "year": 2022,
        "authors": "Sanders, Andrew and Boswell, Bradley and Allen, Andrew and Singh Walia, Gursimran and Shakil Hossain, Md",
        "references": [
            "Sanders et al. \"Development and field-testing of a non-intrusive classroom attention tracking system (nicats) for tracking student attention in cs classrooms\". In: Proceedings of the IEEE Frontiers in Education Conference (FIE), 2022, pp. 1\u20139"
        ],
        "urls": [
            "https://doi.org/10.1109/FIE56618.2022.9962447"
        ],
        "categories": [
            "domain-education",
            "topic-attention-monitoring",
            "method-cnn",
            "data-input-webcam",
            "data-input-eye-tracker",
            "data-input-monitor",
            "data-input-mixed",
            "features-facial-expressions",
            "features-eye-moviments",
            "features-mixed",
            "task-explanation",
            "vis-line"
        ],
        "domain-details": "Face-to-face classes",
        "topic-details": "Improvement of the learning/education process",
        "method-details": "CNN",
        "data-input-details": "Webcam, eye tracker, screenshot/screenshare",
        "features-details": "Facial expressions, eye-movements",
        "task-details": "Level of engagement/attention/behavior",
        "vis-details": "Line"
    },
    {
        "id": "shata_baseline_2023",
        "title": "Baseline Estimation in Face Detection for AI Proctored Examinations through Convoluted Neural Networks",
        "year": 2023,
        "authors": "Shata, Abdelrahman and Haitaamar, Zineddine N. and Benkrid, Abdsamad",
        "references": [
            "Shata et al. \"Baseline estimation in face detection for ai proctored examinations through convoluted neural networks\". In: Proceedings of the International Conference on IT Innovation and Knowledge Discovery (ITIKD), 2023, pp. 1\u20135."
        ],
        "urls": [
            "https://doi.org/10.1109/ITIKD56332.2023.10100328"
        ],
        "categories": [
            "domain-education",
            "topic-cheating-detection",
            "method-cnn",
            "data-input-webcam",
            "features-facial-expressions",
            "features-head-position",
            "features-mixed",
            "task-evaluation-metrics",
            "vis-matrix"
        ],
        "domain-details": "Integrity of online examinations",
        "topic-details": "Cheating Detection",
        "method-details": "CNN",
        "data-input-details": "Webcam",
        "features-details": "Head position, facial expressions",
        "task-details": "Accuracy",
        "vis-details": "Confusion matrix"
    },
    {
        "id": "li2021visual",
        "title": "A Visual Analytics Approach to Facilitate the Proctoring of Online Exams",
        "year": 2021,
        "authors": "Li, Haotian and Xu, Min and Wang, Yong and Wei, Huan and Qu, Huamin",
        "references": [
            "Li et al. \"A visual analytics approach to facilitate the proctoring of online exams\". In: Proceedings of the 2021 CHI Conference on Human Factors in Computing Systems, 2021, pp. 1\u201317"
        ],
        "urls": [
            "https://doi.org/10.1145/3411764.3445294"
        ],
        "categories": [
            "domain-education",
            "topic-cheating-detection",
            "method-cnn",
            "data-input-webcam",
            "data-input-mouse",
            "data-input-monitor",
            "data-input-mixed",
            "features-head-position",
            "task-pattern-recognition",
            "task-insights",
            "task-explanation",
            "task-mixed",
            "vis-line",
            "vis-bar",
            "vis-histogram",
            "vis-matrix",
            "vis-heatmap",
            "vis-radar",
            "vis-radial",
            "vis-mixed"
        ],
        "domain-details": "Integrity of online examinations",
        "topic-details": "Cheating Detection",
        "method-details": "CNN",
        "data-input-details": "Webcam, mouse, screenshot/screenshare",
        "features-details": "Head position",
        "task-details": "Pattern analysis (face, eyes, head, etc.), questionnaires and research results, relevant insights",
        "vis-details": "Line, bar chart, histogram, confusion matrix , heatmap, radar charts, radial bar charts"
    },
    {
        "id": "jadi_new_2021",
        "title": "New detection cheating method of online-exams during COVID-19 pandemic",
        "year": 2021,
        "authors": "Jadi, Amr",
        "references": [
            "Jadi, A. \"New detection cheating method of online-exams during covid-19 pandemic\", International Journal of Computer Science and Network Security, vol. 21\u20134, abr. 2021, pp. 123\u2013130"
        ],
        "urls": [
            "https://doi.org/10.22937/IJCSNS.2021.21.4.17"
        ],
        "categories": [
            "domain-education",
            "topic-cheating-detection",
            "method-cnn",
            "data-input-webcam",
            "data-input-monitor",
            "data-input-mixed",
            "features-facial-expressions",
            "features-eye-moviments",
            "features-mixed",
            "task-explanation",
            "vis-line"
        ],
        "domain-details": "Integrity of online examinations",
        "topic-details": "Cheating Detection",
        "method-details": "CNN",
        "data-input-details": "Webcam, screenshot/screenshare",
        "features-details": "Facial expressions, eye-movements",
        "task-details": "Dataset distribution",
        "vis-details": "Line"
    },
    {
        "id": "tejaswi_proctor_2023",
        "title": "Proctor net: An AI framework for suspicious activity detection in online proctored examinations",
        "year": 2023,
        "authors": "Tejaswi, P. and Venkatramaphanikumar, S. and Venkata Krishna Kishore, K.",
        "references": [
            "Tejaswi et al. \"Proctor net: An ai framework for suspicious activity detection in online proctored examinations\", Measurement, vol. 206, jan. 2023, pp. 112266."
        ],
        "urls": [
            "https://doi.org/10.1016/j.measurement.2022.112266"
        ],
        "categories": [
            "domain-education",
            "topic-cheating-detection",
            "method-cnn",
            "data-input-webcam",
            "features-facial-expressions",
            "features-eye-moviments",
            "features-mixed",
            "task-insights",
            "task-other",
            "task-mixed",
            "vis-flow",
            "vis-area",
            "vis-mixed"
        ],
        "domain-details": "Integrity of online examinations",
        "topic-details": "Cheating Detection",
        "method-details": "CNN",
        "data-input-details": "Webcam",
        "features-details": "Facial expressions, eye-movements",
        "task-details": "System architecture, relevant insights",
        "vis-details": "Flow/sankey, area"
    },
    {
        "id": "yulita_educational_2023",
        "title": "Educational Innovation Faced with COVID-19: Deep Learning for Online Exam Cheating Detection",
        "year": 2023,
        "authors": "Yulita, Intan Nurma and Hariz, Fauzan Akmal and Suryana, Ino and Prabuwono, Anton Satria",
        "references": [
            "Yulita et al. \"Educational innovation faced with covid-19: Deep learning for online exam cheating detection\", Education Sciences, vol. 13\u20132, fev. 2023, pp. 194"
        ],
        "urls": [
            "https://doi.org/10.3390/educsci13020194"
        ],
        "categories": [
            "domain-education",
            "topic-cheating-detection",
            "method-cnn",
            "data-input-webcam",
            "task-evaluation-metrics",
            "vis-matrix"
        ],
        "domain-details": "Integrity of online examinations",
        "topic-details": "Cheating Detection",
        "method-details": "CNN",
        "data-input-details": "Webcam",
        "features-details": "Not specified",
        "task-details": "Accuracy",
        "vis-details": "Confusion matrix"
    },
    {
        "id": "maniar_automated_2021",
        "title": "Automated proctoring system using computer vision techniques",
        "year": 2021,
        "authors": "Maniar, Sarthak and Sukhani, Krish and Shah, Krushna and Dhage, Sudhir",
        "references": [
            "Maniar et al. \"Automated proctoring system using computer vision techniques\". In: Proceedings of the International Conference on System, Computation, Automation and Networking (ICSCAN), 2021, pp. 1\u20136 "
        ],
        "urls": [
            "https://doi.org/10.1109/ICSCAN53069.2021.9526411"
        ],
        "categories": [
            "domain-education",
            "topic-cheating-detection",
            "method-dnn",
            "data-input-webcam",
            "data-input-mic",
            "data-input-mixed",
            "features-facial-expressions",
            "features-head-position",
            "features-eye-moviments",
            "features-objects",
            "features-mixed",
            "task-other",
            "vis-histogram"
        ],
        "domain-details": "Integrity of online examinations",
        "topic-details": "Cheating Detection",
        "method-details": "DNN",
        "data-input-details": "Webcam, microphone",
        "features-details": "Head position, facial expressions, eye-movements, objects",
        "task-details": "Data analysis",
        "vis-details": "Histogram"
    },
    {
        "id": "j_s_deep_2021",
        "title": "Deep learning based approach for facilitating online proctoring using transfer learning",
        "year": 2021,
        "authors": "Ashwinkumar, J S and Kumaran, Harshavardhini Saravana and Sivakarthikeyan, U and Konjeti, Rajesh P B V and Lavanya, R",
        "references": [
            "Ashwinkumar et al. \"Deep learning based approach for facilitating online proctoring using transfer learning\". In: Proceedings of the 5th International Conference on Computer, Communication and Signal Processing (ICCCSP), 2021, pp. 306\u2013312"
        ],
        "urls": [
            "https://doi.org/10.1109/ICCCSP52374.2021.9465530"
        ],
        "categories": [
            "domain-education",
            "topic-cheating-detection",
            "method-cnn",
            "data-input-webcam",
            "features-facial-expressions",
            "features-head-position",
            "features-eye-moviments",
            "features-objects",
            "features-mixed",
            "task-evaluation-metrics",
            "task-comparison",
            "task-mixed",
            "vis-line"
        ],
        "domain-details": "Integrity of online examinations",
        "topic-details": "Cheating Detection",
        "method-details": "CNN",
        "data-input-details": "Webcam",
        "features-details": "Head position, facial expressions, eye-movements, objects",
        "task-details": "Accuracy, evaluation/comparison of ML classifiers",
        "vis-details": "Line"
    },
    {
        "id": "dilini_cheating_2021",
        "title": "Cheating detection in browser-based online exams through eye gaze tracking",
        "year": 2021,
        "authors": "Dilini, Nimesha and Senaratne, Asara and Yasarathna, Tharindu and Warnajith, Nalin and Seneviratne, Leelanga",
        "references": [
            "Dilini et al. \"Cheating detection in browser-based online exams through eye gaze tracking\". In: Proceedings of the 6th International Conference on Information Technology Research (ICITR), 2021, pp. 1\u20138"
        ],
        "urls": [
            "https://doi.org/10.1109/ICITR54349.2021.9657277"
        ],
        "categories": [
            "domain-education",
            "topic-cheating-detection",
            "method-other",
            "data-input-webcam",
            "features-eye-moviments",
            "task-explanation",
            "vis-line",
            "vis-matrix",
            "vis-dispersion",
            "vis-heatmap",
            "vis-scatter",
            "vis-mixed"
        ],
        "domain-details": "Integrity of online examinations",
        "topic-details": "Cheating Detection",
        "method-details": "OCSVM",
        "data-input-details": "Webcam",
        "features-details": "Eye-movements",
        "task-details": "Dataset distribution",
        "vis-details": "Line, confusion matrix , dispersion, heatmap, scatter plot"
    },
    {
        "id": "ozgen2021cheating",
        "title": "Cheating detection pipeline for online interviews and exams",
        "year": 2021,
        "authors": "Azmi Can Ozgen and Mahiye Uluyagmur Ozturk and Umut Bayraktar",
        "references": [
            "Ozgen et al. \"Cheating detection pipeline for online interviews and exams\", ArXiv, vol. abs/2106.14483, 2021"
        ],
        "urls": [
            "https://doi.org/10.48550/arXiv.2106.14483"
        ],
        "categories": [
            "domain-education",
            "domain-business",
            "topic-cheating-detection",
            "method-cnn",
            "method-svm",
            "data-input-webcam",
            "features-facial-expressions",
            "features-objects",
            "features-mixed",
            "task-insights",
            "task-explanation",
            "task-mixed",
            "vis-donut",
            "vis-line",
            "vis-mixed"
        ],
        "domain-details": "Job interview  and  Integrity of online examinations",
        "topic-details": "Cheating Detection",
        "method-details": "SVM, CNN",
        "data-input-details": "Webcam",
        "features-details": "Facial expressions, objects",
        "task-details": "Dataset distribution, relevant insights",
        "vis-details": "Pie/donut, line"
    },
    {
        "id": "potluri_automated_2023",
        "title": "An automated online proctoring system using attentive-net to assess student mischievous behavior",
        "year": 2023,
        "authors": "Potluri, Tejaswi and Venkatarama Phani Kumar and Venkata Krishna Kishore, K",
        "references": [
            "Potluri et al. \"An automated online proctoring system using attentive-net to assess student mischievous behavior\", Multimedia Tools and Applications, vol. 82\u201320, ago. 2023, pp. 30375\u201330404"
        ],
        "urls": [
            "https://doi.org/10.1007/s11042-023-14604-w"
        ],
        "categories": [
            "domain-education",
            "topic-cheating-detection",
            "method-cnn",
            "data-input-webcam",
            "features-facial-expressions",
            "features-head-position",
            "features-objects",
            "features-mixed",
            "task-evaluation-metrics",
            "vis-line",
            "vis-histogram",
            "vis-mixed"
        ],
        "domain-details": "Integrity of online examinations",
        "topic-details": "Cheating Detection",
        "method-details": "CNN",
        "data-input-details": "Webcam",
        "features-details": "Head position, facial expressions, objects",
        "task-details": "Precision",
        "vis-details": "Line, histogram"
    },
    {
        "id": "misra_mmap_2022",
        "title": "Mmap: A multi-modal automated online proctor",
        "year": 2022,
        "authors": "Gadekar, Aumkar and Oak, Shreya and Revadekar, Abhishek and Nimkar, Anant V.",
        "references": [
            "Gadekar et al. \"Mmap: A multi-modal automated online proctor\". In: Machine Learning and Big Data Analytics (Proceedings of International Conference on Machine Learning and Big Data Analytics (ICMLBDA) 2021), Misra, R.; Shyamasundar, R. K.; Chaturvedi, A.; Omer, R. (Editores), Cham: Springer International Publishing, 2022, vol. 256, pp. 314\u2013325"
        ],
        "urls": [
            "https://doi.org/10.1007/978-3-030-82469-3_28"
        ],
        "categories": [
            "domain-education",
            "topic-cheating-detection",
            "data-input-webcam",
            "data-input-mic",
            "data-input-mixed",
            "features-facial-expressions",
            "features-head-position",
            "features-eye-moviments",
            "features-objects",
            "features-mixed",
            "task-pattern-recognition",
            "task-evaluation-metrics",
            "task-mixed",
            "vis-line",
            "vis-scatter",
            "vis-mixed"
        ],
        "domain-details": "Integrity of online examinations",
        "topic-details": "Cheating Detection",
        "data-input-details": "Webcam, microphone",
        "features-details": "Head position, facial expressions, eye-movements, objects",
        "task-details": "Accuracy, Pattern analysis (face, eyes, head, etc.)",
        "vis-details": "Line, scatter plot"
    },
    {
        "id": "potluri_detecting_2023",
        "title": "Detecting Autism Of Examinee In Automated Online Proctoring Using Eye-Tracking",
        "year": 2023,
        "authors": "Potluri, Tejaswi and Sistla, Venkatarama Phani Kumar and Krishna, Drkv",
        "references": [
            "Potluri et al. \"Detecting autism of examinee in automated online proctoring using eye-tracking\", Journal of Theoretical and Applied Information Technology, vol. 101\u20133, 2023"
        ],
        "urls": [
            "http://www.jatit.org/volumes/Vol101No3/30Vol101No3.pdf"
        ],
        "categories": [
            "domain-education",
            "topic-cheating-detection",
            "method-other",
            "data-input-webcam",
            "features-facial-expressions",
            "features-head-position",
            "features-eye-moviments",
            "features-mixed",
            "task-evaluation-metrics",
            "task-comparison",
            "task-mixed",
            "vis-donut",
            "vis-histogram",
            "vis-mixed"
        ],
        "domain-details": "Integrity of online examinations",
        "topic-details": "Cheating Detection",
        "method-details": "MTCNN",
        "data-input-details": "Webcam",
        "features-details": "Head position, facial expressions, eye-movements",
        "task-details": "Accuracy, evaluation/comparison of ML classifiers",
        "vis-details": "Pie/donut, histogram"
    },
    {
        "id": "hossain_automated_2021",
        "title": "Automated Online Exam Proctoring System Using Computer Vision and Hybrid ML Classifier",
        "year": 2021,
        "authors": "Hossain, Zarin Tahia and Roy, Protyasha and Nasir, Rina and Nawsheen, Sumaiya and Hossain, Muhammad Iqbal",
        "references": [
            "Hossain et al.\"Automated online exam proctoring system using computer vision and hybrid ml classifier\". In: Proceedings of the International Conference on Robotics, Automation, Artificial-intelligence and Internet-of-Things (RAAICON), 2021, pp. 14\u201317"
        ],
        "urls": [
            "https://doi.org/10.1109/RAAICON54709.2021.9929456"
        ],
        "categories": [
            "domain-education",
            "topic-cheating-detection",
            "method-svm",
            "method-dt",
            "method-mixed",
            "method-other",
            "data-input-webcam",
            "features-head-position",
            "features-eye-moviments",
            "features-mixed",
            "task-evaluation-metrics",
            "vis-histogram"
        ],
        "domain-details": "Integrity of online examinations",
        "topic-details": "Cheating Detection",
        "method-details": "Logistic Regression, SVM, Decision Tree, XGBoost, MLP e modelo h\u00edbrido dos autores",
        "data-input-details": "Webcam",
        "features-details": "Head position, eye-movements",
        "task-details": "Accuracy, avalia\u00e7\u00e3o/perfomance de algoritmos de AM",
        "vis-details": "Histogram"
    },
    {
        "id": "potluri2023mg",
        "title": "MG-Net: Multiple Person and Gadget Detection for Online Exam Proctoring System",
        "year": 2023,
        "authors": "Potluri, Tejaswi and Sistla, Venkatrama Phani Kumar",
        "references": [
            "Potluri and Sistla \"Mg-net: Multiple person and gadget detection for online exam proctoring system\". In: Proceedings of Third International Conference on Advances in Computer Engineering and Communication Systems: ICACECS 2022, 2023, pp. 445\u2013456."
        ],
        "urls": [
            "https://doi.org/10.1007/978-981-19-9228-5_37"
        ],
        "categories": [
            "domain-education",
            "topic-cheating-detection",
            "method-cnn",
            "data-input-webcam",
            "features-objects",
            "task-evaluation-metrics",
            "task-comparison",
            "task-mixed",
            "vis-bar",
            "vis-scatter",
            "vis-mixed"
        ],
        "domain-details": "Integrity of online examinations",
        "topic-details": "Cheating Detection",
        "method-details": "CNN",
        "data-input-details": "Webcam",
        "features-details": "Not specified",
        "task-details": "Evaluation/comparison of ML classifiers",
        "vis-details": "Bar chart, scatter plot"
    },
    {
        "id": "abozaid_multi-modal_2022",
        "title": "Multi-Modal Online Exam Cheating Detection",
        "year": 2022,
        "authors": "Abozaid, Ahmed and Atia, Ayman",
        "references": [
            "Abozaid et al. \"Multi-modal online exam cheating detection\". In: Proceedings of the International Conference on Electrical, Computer and Energy Technologies (ICECET), 2022, pp. 1\u20136"
        ],
        "urls": [
            "https://doi.org/10.1109/ICECET55527.2022.9873527"
        ],
        "categories": [
            "domain-education",
            "topic-cheating-detection",
            "method-mixed",
            "method-other",
            "data-input-webcam",
            "features-head-position",
            "features-eye-moviments",
            "features-objects",
            "features-mixed",
            "task-evaluation-metrics",
            "vis-histogram"
        ],
        "domain-details": "Integrity of online examinations",
        "topic-details": "Cheating Detection",
        "method-details": "VGG16, VGG19, resnet50, Inception e Xception",
        "data-input-details": "Webcam",
        "features-details": "Head position, eye-movements, objects",
        "task-details": "Accuracy",
        "vis-details": "Histogram"
    },
    {
        "id": "khana_expert_2021",
        "title": "Expert Monitoring System for Online Sessions Employing ResNet",
        "year": 2021,
        "authors": "Khana, Pooja and Srivastava, Yashi and Kumar, Sachin and Pragya",
        "references": [
            "Khana et al. \"Expert monitoring system for online sessions employing resnet\". In: Proceedings of the IEEE 8th Uttar Pradesh Section International Conference on Electrical, Electronics and Computer Engineering (UPCON), 2021, pp. 1\u20136"
        ],
        "urls": [
            "https://doi.org/10.1109/UPCON52273.2021.9667556"
        ],
        "categories": [
            "domain-education",
            "topic-cheating-detection",
            "data-input-webcam",
            "data-input-mic",
            "data-input-mixed",
            "features-facial-expressions",
            "features-head-position",
            "features-eye-moviments",
            "features-objects",
            "features-mixed",
            "task-pattern-recognition",
            "vis-line"
        ],
        "domain-details": "Online classes",
        "topic-details": "Improvement of the learning/education process",
        "data-input-details": "Webcam, microphone",
        "features-details": "Head position, facial expressions, eye-movements, objects",
        "task-details": "Pattern analysis (face, eyes, head, etc.)",
        "vis-details": "Line"
    },
    {
        "id": "hiremath_proctoring_2023",
        "title": "Proctoring using Artificial Intelligence",
        "year": 2023,
        "authors": "Hiremath, Basavaraj N and Mitra, Anushree and Thapa, Aman and Amoolya, S and Tameem, A",
        "references": [
            "Hiremath et al.\"Proctoring using artificial intelligence\", SSRN Electronic Journal, 2023."
        ],
        "urls": [
            "https://doi.org/10.2139/ssrn.4411332"
        ],
        "categories": [
            "domain-education",
            "topic-cheating-detection",
            "method-other",
            "data-input-webcam",
            "features-facial-expressions",
            "features-head-position",
            "features-eye-moviments",
            "features-objects",
            "features-mixed",
            "task-evaluation-metrics",
            "task-comparison",
            "task-mixed",
            "vis-line"
        ],
        "domain-details": "Integrity of online examinations",
        "topic-details": "Cheating Detection",
        "method-details": "R-CNN",
        "data-input-details": "Webcam",
        "features-details": "Head position, facial expressions, eye-movements, objects",
        "task-details": "Evaluation/comparison of ML classifiers",
        "vis-details": "Line"
    },
    {
        "id": "jain_online_2022",
        "title": "Online Face and Displacement Authentication System",
        "year": 2022,
        "authors": "Ayushi Jain and G.bhoomika and Jasneet Kaur",
        "references": [
            "Jain et al. \"Online face and displacement authentication system\", Internation Journal Of Advance Research And Innovative Ideas In Education, vol. 8\u20133, 2022, pp. 2964\u20132971"
        ],
        "urls": [
            "https://bit.ly/onlinefacedisplacement"
        ],
        "categories": [
            "domain-education",
            "topic-cheating-detection",
            "method-cnn",
            "data-input-webcam",
            "data-input-mic",
            "data-input-mixed",
            "features-facial-expressions",
            "features-head-position",
            "features-eye-moviments",
            "features-objects",
            "features-mixed",
            "task-explanation",
            "vis-scatter"
        ],
        "domain-details": "Integrity of online examinations",
        "topic-details": "Cheating Detection",
        "method-details": "CNN",
        "data-input-details": "Webcam, microphone",
        "features-details": "Head position, facial expressions, eye-movements, objects",
        "task-details": "Dataset distribution",
        "vis-details": "Scatter plot"
    },
    {
        "id": "maithanisecurelens_2023",
        "title": "Securelens: Enhancing Trustworthiness In Remote Exams With Opencvs Protective Eye",
        "year": 2023,
        "authors": "Maithani, Rachna",
        "references": [
            "Maithani, R. \"Securelens: Enhancing trustworthiness in remote exams with opencv\"s protective eye\", Journal of Modernization in Engineering Technology and Science, 2023"
        ],
        "urls": [
            "https://bit.ly/maithanisecurelens"
        ],
        "categories": [
            "domain-education",
            "topic-cheating-detection",
            "method-generic",
            "data-input-webcam",
            "data-input-mic",
            "data-input-mixed",
            "features-facial-expressions",
            "features-head-position",
            "features-eye-moviments",
            "features-mixed",
            "vis-line"
        ],
        "domain-details": "Integrity of online examinations",
        "topic-details": "Cheating Detection",
        "method-details": "Machine Learning*",
        "data-input-details": "Webcam, microphone",
        "features-details": "Head position, facial expressions, eye-movements",
        "task-details": "Relevant insights",
        "vis-details": "Line"
    }
]
}