{
	"version": "1.0.1",
	"lastUpdated": "2023-07-19",
	"baseSchemaVersion": "1.0.0",
	"notes": "Another entry added",
	"entries": [
		{
			"id": "pan2021exemplar-based",
			"title": "Exemplar-based Layout Fine-tuning",
			"year": 2021,
			"authors": "Pan, Jiacheng; Chen, Wei; Zhao, Xiaodong; Zhou, Shuyue; Zeng, Wei; Zhu, Minfeng; Chen, Jian; Fu, Siwei; Wu, Yingcai",
			"references": [
				"Pan, Jiacheng, et al. \"Exemplar-based layout fine-tuning for node-link diagrams.\" IEEE Transactions on Visualization and Computer Graphics 27.2 (2020): 1655-1665."
			],
			"urls": [
				"https://doi.org/10.1109/TVCG.2020.3030393"
			],
			"categories": [
				"domain-computing",
				"data-graph",
				"computation-matrix",
				"output-na",
				"task-construction",
				"task-representation",
				"task-comparison",
				"evaluation-computational",
				"evaluation-visual"
			],
			"domain-details": "network analysis",
			"computation-details": "GraphWave",
			"task-details": "Graph layout improvement",
			"visualization-details": "node link diagram",
			"evaluation-details": "readabiity"
		}
	]
}